Debug Name,Relative X,Relative Y,Relative Z,Accumulated Distance
r_1_1_to_2,0,0,0,0.0
r_1_1_to_2,-0.130999997,-1.34000003,0,1.3463881608265873
r_1_1_to_2,-0.252999991,-1.89600003,0,1.9156157063090595
r_1_1_to_2,-3.94000006,-7.69999981,8,12.464567453048925
r_1_1_to_2,-39.1399994,-55.6399994,7.96899986,71.93964185597741
r_1_1_to_2,-317.890015,-292.279999,6.63000011,437.59228238797016
r_1_1_to_2,-848.909973,-336.839996,1.89100003,970.4996357325455
r_1_1_to_2,-912.531006,-404.096008,0.492000014,1063.0899386328817
r_1_1_to_2,-923.089783,-626.869995,-4.76900005,1286.1760546896307
r_1_1_to_2,-1157.20996,-710.650024,10.3837996,1535.2964229355555
r_1_1_to_2,-1247.04004,-797.200012,3.81999993,1660.2101017770437
r_1_1_to_2,-1272.10095,-867.294983,-15.8877001,1737.2149562343532
r_1_1_to_2,-1300.33997,-1414.34998,-39.4199982,2285.5035490822233
r_1_1_to_2,-1325.56006,-1477.79004,-58.0099983,2356.2586355151416
r_1_1_to_2,-1337.05945,-1513.30005,-70.5100021,2395.6216495711333
r_1_1_to_2,-1337.56006,-1518.03601,-82.5400009,2408.5599956254673
r_1_1_to_2,-1337.56006,-1523.77002,-82.8058014,2414.3001629214527
r_1_1_to_2,-1337.68713,-1527.49097,-82.8058014,2418.0232820019282
r_1_2_to_1,0,0,0,0.0
r_1_2_to_1,-0.264099985,-5.30410004,0,5.310670959154314
r_1_2_to_1,-0.288500011,-6.72399998,2,7.763569489644478
r_1_2_to_1,7.78200006,-26.7040005,10,30.74907344703491
r_1_2_to_1,53.8320007,-132.139999,41.0499992,149.91893032769076
r_1_2_to_1,271.334686,-368.625,59.3040009,471.7353102537977
r_1_2_to_1,552.630005,-403.025604,35.9179993,756.0896017946707
r_1_2_to_1,603.909973,-385.190002,28.4099998,810.8993990327141
r_1_2_to_1,630.030029,-294.630005,20.9400005,905.4465897452104
r_1_2_to_1,658.405029,-65.7399979,17.9500008,1136.1080647978165
r_1_2_to_1,888.02002,183.259995,44.9500008,1475.8918792388963
r_1_2_to_1,1075.67004,363.454987,51.9199982,1736.144345147745
r_1_2_to_1,1411.20996,829.690002,48.4199982,2310.578307519101
r_1_2_to_1,1602.45996,1081.68994,53.9399986,2626.9815338876383
r_1_2_to_1,1633.83997,1319.73999,54.7599983,2867.092349412701
r_1_2_to_1,1589.45996,1578.93994,62.75,3130.1855638724596
r_1_2_to_1,1534.33997,1635.66003,73.2900009,3209.9757482699165
r_1_2_to_1,1477.22998,1650.43005,86.9400024,3270.5234731615296
r_1_2_to_1,1427.93994,1634.04004,96.2399979,3323.2930703487523
r_1_2_to_1,1349.82996,1552.89001,91.4400024,3436.02964960057
r_1_2_to_1,1338.44995,1536.56006,88.3899994,3456.1660448316584
r_1_2_to_1,1338.32996,1532.64001,82.8059006,3462.989779074048
r_1_2_to_1,1338.32996,1532.64001,82.8059006,3462.989779074048
r_1_2_to_1,1338.09998,1530.59998,82.8059006,3465.042731387498
r_1_2_to_1,1337.68628,1527.49133,82.8058548,3468.1787882292338
r_2_1_to_2,0,0,0,0.0
r_2_1_to_2,-0.264099985,-5.30410004,0,5.310670959154314
r_2_1_to_2,-0.288500011,-6.72399998,2,7.763569489644478
r_2_1_to_2,7.78200006,-26.7040005,10,30.74907344703491
r_2_1_to_2,32.1699982,-138.75,25.4400005,146.4533260597658
r_2_1_to_2,98.9235001,-164.589996,26.6299992,218.04348953282488
r_2_1_to_2,122.910004,-198.119995,27.5499992,259.2801189087173
r_2_1_to_2,119.269997,-434.48999,28.0499992,495.6786683697072
r_2_1_to_2,181.179993,-661.440002,27.3299999,730.9225289708124
r_2_1_to_2,409.929993,-859.090027,45.8800011,1033.802368885952
r_2_1_to_2,703.854919,-761.710022,61.1800003,1343.8165902910764
r_2_1_to_2,1059.37,-780.120117,64.3899994,1699.822501071456
r_2_1_to_2,1269.04004,-691.629883,50,1927.8556549541938
r_2_1_to_2,1740.04004,-245.190002,99.5299988,2578.7034006892636
r_2_1_to_2,2333.81006,-84.9300003,114.75,3193.9088568030825
r_2_1_to_2,2628.81982,-38.2999992,73.8399963,3495.36987235995
r_2_1_to_2,2906.37988,12.0299997,49.7900009,3778.479564838356
r_2_1_to_2,2997.58008,90.2699966,38.5999985,3899.1617497235497
r_2_1_to_2,2961.31006,200.039993,39.3800011,4014.771329190445
r_2_1_to_2,2903.63794,254.039993,23.2299995,4095.4118647601845
r_2_1_to_2,2886.01001,257.970001,18,4114.21457131363
r_2_1_to_2,2886.01001,257.970001,0.634599984,4131.57997132963
r_2_1_to_2,2881.13989,259.290894,0.634599984,4136.626041794046
r_2_2_to_1,0,0,0,0.0
r_2_2_to_1,-1.12349999,0.106600001,0,1.1285458731231088
r_2_2_to_1,-3.75999999,0.746999979,0,3.841707199292712
r_2_2_to_1,-3.75999999,0.746999979,6,9.841707199292712
r_2_2_to_1,-23,4.86999989,12.9399996,30.706517840631065
r_2_2_to_1,-129.339996,10.8599997,39.9700012,140.591438705597
r_2_2_to_1,-248.889999,28.9599991,34.3300018,261.6353265678596
r_2_2_to_1,-413.350006,134.5,17.1000004,457.80530041874243
r_2_2_to_1,-635.23999,292.049988,23.3500004,730.0115204401086
r_2_2_to_1,-895.580017,481.519989,28.3899994,1052.0382468576852
r_2_2_to_1,-1122.51196,635.869995,42.2010002,1326.8341253730896
r_2_2_to_1,-1305.81006,695.390015,45.2799988,1519.5782730839583
r_2_2_to_1,-1393.43994,664.27002,53.7200012,1612.9521644997412
r_2_2_to_1,-1797.48999,80.3099976,50.7700005,2323.0750082180243
r_2_2_to_1,-2047.47998,-93.5699997,49.4399986,2627.59268827339
r_2_2_to_1,-2196.20996,-129.759995,43.1500015,2780.7915354431143
r_2_2_to_1,-2378.83984,-132.039993,49.5699997,2963.5484445781244
r_2_2_to_1,-2518.75,-130.089996,59.9399986,3103.855936312214
r_2_2_to_1,-2598.36011,-126.910004,81.4800034,3186.38989156771
r_2_2_to_1,-2793.30005,-127.529999,78.4300003,3381.354675874809
r_2_2_to_1,-2844.72998,-160.339996,66.0999985,3443.592626896135
r_2_2_to_1,-2876.35986,-209.460007,45.5299988,3505.530900016335
r_2_2_to_1,-2881.5,-252.800003,22.7900009,3554.743538606352
r_2_2_to_1,-2881.5,-252.800003,-0.634599984,3578.168139490352
r_2_2_to_1,-2881.13989,-259.290894,-0.634599984,3584.669012138388
r_3_1_to_2,0,0,0,0.0
r_3_1_to_2,-1.21000004,0.143999994,0,1.2185385078330524
r_3_1_to_2,-3.08999991,0.172999993,0.649999976,3.2079455752634507
r_3_1_to_2,-3.08999991,0.172999993,3.41799998,5.975945579263451
r_3_1_to_2,-97.5999985,-30.5200005,1.75999999,105.35878653640222
r_3_1_to_2,-128.179993,-48.9399986,-1.08700001,141.17132348401367
r_3_1_to_2,-181.729996,-167.419998,-2.79699993,271.2022320359822
r_3_1_to_2,-205.169998,-187.380005,-3.64899993,302.0009572888243
r_3_1_to_2,-242.589996,-196.139999,-10.96,341.12185282079776
r_3_1_to_2,-300.51001,-254.789993,-12.1999998,423.5602384033905
r_3_1_to_2,-392.779999,-589.440002,9.54599953,771.3781043628903
r_3_1_to_2,-407.404999,-1011.35999,10.0699997,1193.5518144338732
r_3_1_to_2,-363.140015,-1113.95996,18.6900005,1305.6252147852194
r_3_1_to_2,-240.080002,-1228.44995,14.1099997,1473.7700958166927
r_3_1_to_2,171.100006,-1522.93005,-16.3199997,1980.4391328994554
r_3_1_to_2,513.909973,-1769.15002,-16.6000004,2402.509062534029
r_3_1_to_2,543.190002,-1835.05005,-13.9890003,2474.66827105078
r_3_1_to_2,585.929993,-2234.12012,-11.1700001,2876.0304196928914
r_3_1_to_2,637.030029,-2459.53003,-0.61500001,3107.400792109736
r_3_1_to_2,685.679993,-2669.05005,-0.824999988,3322.4949619005333
r_3_1_to_2,403.585999,-3134.75,14.8100004,3867.1948041237592
r_3_1_to_2,165.190002,-3421.65015,45.3199997,4241.461029574217
r_3_1_to_2,13.0500002,-3477.31006,33.7599983,4403.874820125636
r_3_1_to_2,-158.020004,-3407.71997,15.3000002,4589.477887161308
r_3_1_to_2,-167.880005,-3402.86987,12,4600.951033680463
r_3_1_to_2,-167.880005,-3402.86987,5.52190018,4607.429133500464
r_3_1_to_2,-169.723404,-3402.0271,5.52190018,4609.456047693542
r_3_2_to_1,0,0,0,0.0
r_3_2_to_1,-0.388999999,0.219999999,0,0.4469015537923313
r_3_2_to_1,-1.90400004,0.949999988,0,2.128604591837396
r_3_2_to_1,-1.90400004,0.949999988,8,10.128604591837396
r_3_2_to_1,-43.4099998,86.8700027,10.6999998,105.58689328919048
r_3_2_to_1,-134.509995,594.650024,35.2000008,622.0556815096099
r_3_2_to_1,-133.839996,1047.54004,-28.4300003,1079.3942787558146
r_3_2_to_1,-120.709999,1531.64001,-47.7799988,1564.0586989654798
r_3_2_to_1,-124.480003,1848.92004,-36.4399986,1881.5637004560026
r_3_2_to_1,-177.820007,2098.52002,-16.4099998,2137.584220912173
r_3_2_to_1,-211.940002,2359.36011,-1.98000002,2401.041905377172
r_3_2_to_1,-206.570007,2478.1001,10.8400002,2520.5926246436866
r_3_2_to_1,-80.2639999,2662.30005,1.01999998,2744.15304469578
r_3_2_to_1,312.950012,2714.5,-6.65999985,3140.891089672418
r_3_2_to_1,541.98999,2799.57007,10.25,3385.803679032321
r_3_2_to_1,598.85498,2882.88989,13.04,3486.7175214551144
r_3_2_to_1,594.289978,3002.61011,6.34000015,3606.7119393173566
r_3_2_to_1,545.450012,3063.83984,3.97300005,3685.0702496885447
r_3_2_to_1,409.970001,3101.8501,4.72109985,3825.783336852243
r_3_2_to_1,313.720001,3182.18994,28.6000004,3953.4107409733892
r_3_2_to_1,274.559998,3239.34985,35.4000015,4023.0311486217797
r_3_2_to_1,256.350006,3277.72998,27.0450001,4066.326000923768
r_3_2_to_1,236.910004,3376.88989,12.1199999,4168.469806707271
r_3_2_to_1,218.029999,3392.37012,7.17000008,4193.381543055245
r_3_2_to_1,182.929993,3401.05005,2.44000006,4229.84693083865
r_3_2_to_1,173.020004,3401.59009,0,4240.067162023634
r_3_2_to_1,173.020004,3401.59009,-5.52190018,4245.589062203634
r_3_2_to_1,169.723404,3402.0271,-5.52190018,4248.914501918935
r_4_1_to_2,0,0,0,0.0
r_4_1_to_2,0.207000002,-0.194999993,0,0.2843835404836223
r_4_1_to_2,2.95000005,-2.42199993,0,3.8175942591821275
r_4_1_to_2,2.95000005,-2.42199993,7,10.817594259182128
r_4_1_to_2,71.9599991,-41.3199997,8.86999989,90.0573018215938
r_4_1_to_2,514.400024,-264.880005,26.2700005,586.0764663953798
r_4_1_to_2,618.47998,-340.399994,27.6900005,714.6763201259422
r_4_1_to_2,634.960022,-367.329987,24.9200001,746.3699978790496
r_4_1_to_2,588.22998,-459.049988,21.6800003,849.3590895706737
r_4_1_to_2,581.971008,-510.959991,19.4099998,901.6943171351622
r_4_1_to_2,681.940002,-580.309998,28.5799999,1023.7078907001803
r_4_1_to_2,774.83197,-643.76001,24.1599998,1136.2883425672658
r_4_1_to_2,860.200012,-713.059998,30.5200005,1246.427529692548
r_4_1_to_2,899.119995,-711.820007,33.4199982,1285.4750986445374
r_4_1_to_2,985.97998,-590.419983,33.6399994,1434.748911558688
r_4_1_to_2,964.23999,-466.01001,45.6100006,1561.6100540562582
r_4_1_to_2,923.900024,-420,44.7700005,1622.8059646814727
r_4_1_to_2,914.76001,-407.470001,40,1639.0322900704878
r_4_1_to_2,914.76001,-407.470001,31.8181,1647.2141900704878
r_4_1_to_2,911.875122,-402.627594,31.8181,1652.8508100085528
r_4_2_to_1,0,0,0,0.0
r_4_2_to_1,-0.407999992,0.708999991,0,0.8180128242943383
r_4_2_to_1,-1.55700004,2.6099999,0,3.0392741246194506
r_4_2_to_1,-1.55700004,2.6099999,10,13.03927412461945
r_4_2_to_1,14.3000002,72.5550003,8.36999989,84.7777187545803
r_4_2_to_1,-44.8199997,185.839996,-4.204,213.17853694573802
r_4_2_to_1,-80.4800034,218.130005,-7.44000006,261.3942215462123
r_4_2_to_1,-111.959999,212.770004,-13.3000002,293.86050152000695
r_4_2_to_1,-325.450012,-43.1500015,-22.9099998,627.2752386840564
r_4_2_to_1,-333.440002,-160.190002,-16.7399998,744.7497914912074
r_4_2_to_1,-358.51001,-187.940002,-27.5699997,783.6837958955075
r_4_2_to_1,-904.539978,-290.829987,-14.5900002,1339.4747236321891
r_4_2_to_1,-1015.82001,-272.670013,-12.3699999,1452.2486504900126
r_4_2_to_1,-1031.68384,-196.979996,-30.7000008,1531.7258718098549
r_4_2_to_1,-1041.40503,-108.360001,-32.75,1620.9010227518977
r_4_2_to_1,-1032.18994,-17.8999996,-50.9399986,1713.6307687132887
r_4_2_to_1,-1022.29999,11.3400002,-51.9700012,1744.5152244258718
r_4_2_to_1,-996.549988,272.51001,-54.5900002,2006.964650061921
r_4_2_to_1,-1032,330.540009,-48.7900009,2075.2129037144514
r_4_2_to_1,-1067.91003,361.769989,-40.5,2123.519901347541
r_4_2_to_1,-1083.48999,403.809998,-25.8700008,2170.68063063488
r_4_2_to_1,-1052.54004,440.279999,-15.96,2219.529054292133
r_4_2_to_1,-982.27002,444.100006,-12.3299999,2289.9963876105326
r_4_2_to_1,-929.359985,416.019989,-18.9899998,2350.2650756424578
r_4_2_to_1,-913.900024,404.269989,-20,2369.709689151744
r_4_2_to_1,-913.900024,404.269989,-31.8181,2381.527789151744
r_4_2_to_1,-911.875122,402.627594,-31.8181,2384.1350270476078
r_5_1_to_2,0,0,0,0.0
r_5_1_to_2,-0.60650003,1.30400002,0,1.43814406042997
r_5_1_to_2,-0.60650003,1.30400002,28.1690006,29.60714466042997
r_5_1_to_2,-9.32999992,23.5699997,29.4400005,53.55478823608037
r_5_1_to_2,-320.320007,313.640015,29.2399998,478.8258056826501
r_5_1_to_2,-504.190002,489.459991,16.4699993,733.5490121926001
r_5_1_to_2,-559.150024,440.119995,15.4659996,807.4140732087402
r_5_1_to_2,-548.570007,361.399994,15.6499996,886.8420857305218
r_5_1_to_2,-557.950012,175.979996,19.0900002,1072.5310562060135
r_5_1_to_2,-237.339996,-184.949997,26.0200005,1555.3449614641972
r_5_1_to_2,-202.139999,-440.25,14.3500004,1813.324263391569
r_5_1_to_2,-186.809998,-672.369995,1.40400004,2046.3098851255747
r_5_1_to_2,-154.899994,-718.289978,-1,2102.2801666166715
r_5_1_to_2,56.7900009,-685.039978,-1.48000002,2316.566066387938
r_5_1_to_2,257.429993,-635.219971,7.48000002,2523.4929160911242
r_5_1_to_2,311.839996,-569.960022,18.4899998,2609.1698060037384
r_5_1_to_2,504.600006,-307.890015,13.2200003,2934.5386473498484
r_5_1_to_2,505.299988,-258.980011,11.8699999,2983.4722857508536
r_5_1_to_2,425.089996,-191.320007,-3.16000009,3089.4789829808847
r_5_1_to_2,62.25,62.2000008,15.5,3532.5065810552605
r_5_1_to_2,21.3700008,135.309998,14.7799997,3616.272710401244
r_5_1_to_2,-29.6399994,155.009995,24.3400002,3671.784003052055
r_5_1_to_2,-56.5999985,128.169998,31.4200001,3710.4796538285445
r_5_1_to_2,-49.5699997,102.629997,32.2000008,3736.980992196635
r_5_1_to_2,-11.6999998,24.6690006,27.3899994,3823.7864641760834
r_5_1_to_2,0,0.119999997,27.3899994,3850.981011900326
r_5_1_to_2,1.50999999,-3.58999991,27.3899994,3854.9865329999757
r_5_1_to_2,1.50999999,-3.58999991,0.398499995,3881.9780324049757
r_5_1_to_2,2.85940003,-6.35020018,0.398499995,3885.0504233303723
r_5_2_to_1,0,0,0,0.0
r_5_2_to_1,-2.85940003,6.35020018,-0.398499995,6.975672949877383
r_6_1_to_2,0,0,0,0.0
r_6_1_to_2,-0.60650003,1.30400002,0,1.43814406042997
r_6_1_to_2,-0.60650003,1.30400002,28.1690006,29.60714466042997
r_6_1_to_2,-9.32999992,23.5699997,29.4400005,53.55478823608037
r_6_1_to_2,-306.369995,323.690002,5.78000021,476.47862307091356
r_6_1_to_2,-285.700012,643.179993,4.63000011,796.6386222067056
r_6_1_to_2,-248.839996,749.690002,-13.0100002,910.7184732218483
r_6_1_to_2,-234.360001,996.710022,-9.17000008,1158.192322621986
r_6_1_to_2,-70.5550003,1121.18994,-3.50999999,1364.006228470528
r_6_1_to_2,-5.94999981,1297.59998,2.06999993,1551.9568727903113
r_6_1_to_2,27.8699989,1698.43005,9,1954.2708822778252
r_6_1_to_2,41.1300011,1872.46997,14.7200003,2128.9089073908644
r_6_1_to_2,93.0899963,2102.86011,25.3400002,2365.324308979423
r_6_1_to_2,165.389999,2208.05005,36.1699982,2493.4238902601737
r_6_1_to_2,334.589996,2212.29004,45.6699982,2662.9434068357
r_6_1_to_2,720.690002,2197.87988,59.7000008,3049.566877821854
r_6_1_to_2,1025.44995,1926.72998,48.8199997,3457.634603326958
r_6_1_to_2,1035.22998,1797.5,44.9099998,3587.293096364704
r_6_1_to_2,1093.80005,1212.72998,79.6699982,4176.01602515156
r_6_1_to_2,983.289978,963.369995,79.9499969,4448.766747482257
r_6_1_to_2,747.421997,628.299988,56.1899986,4859.2179036156185
r_6_1_to_2,616.190002,455.470001,33.8400002,5077.37281038276
r_6_1_to_2,410.029999,196.479996,11.8800001,5409.125747266899
r_6_1_to_2,257.450012,-17.6100006,9.81999969,5672.031476909289
r_6_1_to_2,172.029999,-134.37999,23.6200008,5817.366431672527
r_6_1_to_2,82.0800018,-190.419998,20.2800007,5923.3977482426235
r_6_1_to_2,-335.549988,-194.559998,-3.26999998,6341.711685988398
r_6_1_to_2,-206.889999,133.270004,26.4500008,6695.136616386868
r_6_1_to_2,-98.7200012,141.649994,32.0499992,6803.7751576074315
r_6_1_to_2,-40.25,86.1500015,31.6299992,6884.392566445896
r_6_1_to_2,-6.97000027,9.36000061,26.6100006,6968.234459343534
r_6_1_to_2,-1.89999962,-3.44999981,24.3299999,6982.198678639413
r_6_1_to_2,1.50999999,-3.58999991,27.3899994,6986.782486478775
r_6_1_to_2,1.50999999,-3.58999991,0.398499995,7013.773985883775
r_6_1_to_2,2.85940003,-6.35020018,0.398499995,7016.8463768091715
r_6_2_to_1,0,0,0,0.0
r_6_2_to_1,-2.85940003,6.35020018,-0.398499995,6.975672949877383
r_7_1_to_2,0,0,0,0.0
r_7_1_to_2,-0.60650003,1.30400002,0,1.43814406042997
r_7_1_to_2,-0.60650003,1.30400002,28.1690006,29.60714466042997
r_7_1_to_2,-9.32999992,23.5699997,29.4400005,53.55478823608037
r_7_1_to_2,-71.25,172.059998,23.1299992,214.56156486814393
r_7_1_to_2,35.0900002,214.460007,-1.45000005,331.65184101807057
r_7_1_to_2,149.550003,242.929993,-14.3299999,450.3005946564978
r_7_1_to_2,214.110001,259.549988,-22.2199993,517.4308387056001
r_7_1_to_2,266.850006,275.179993,-7.36999989,574.407392358634
r_7_1_to_2,335.600006,287.700012,0.0299999993,644.6788188001258
r_7_1_to_2,405.649994,299.209991,7.01000023,716.0104445954289
r_7_1_to_2,594.190002,335.880005,68.8799973,917.8022211395737
r_7_1_to_2,708.099976,357.76001,66,1033.8302831759995
r_7_1_to_2,876.359985,571.640015,66.4000015,1305.963058064803
r_7_1_to_2,1052.98999,844.969971,83.6600037,1631.854652293936
r_7_1_to_2,1053.81201,1208.58997,111.540001,1996.54283915922
r_7_1_to_2,1038.19995,1289.81006,114.470001,2079.301671540131
r_7_1_to_2,889.640015,1571.81006,59.9900017,2402.6623441812735
r_7_1_to_2,848.919983,1649.87,47.0499992,2491.6506518603424
r_7_1_to_2,740.849976,1763.47998,25.1399994,2649.9743773717655
r_7_1_to_2,626.059998,1823.40002,16.8799992,2779.7255925728036
r_7_1_to_2,532.780029,1788.94995,16.5400009,2879.164395554788
r_7_1_to_2,392.549988,1600.33997,18.4300003,3114.2000546624945
r_7_1_to_2,368.190002,1128.66003,29.2000008,3586.631391077739
r_7_1_to_2,172.490005,734.77002,8.25,4026.957101588856
r_7_1_to_2,81.3199997,552.549988,-1.13999999,4230.928379047951
r_7_1_to_2,-83.4300003,180.520004,22.9500008,4638.517877971933
r_7_1_to_2,-5.03999996,9.18999958,27.4500008,4826.983292751044
r_7_1_to_2,1.50999999,-3.58999991,27.3899994,4841.344159245703
r_7_1_to_2,1.50999999,-3.58999991,0.398499995,4868.3356586507025
r_7_1_to_2,2.85940003,-6.35020018,0.398499995,4871.408049576099
r_7_2_to_1,0,0,0,0.0
r_7_2_to_1,-2.85940003,6.35020018,-0.398499995,6.975672949877383
r_8_1_to_2,0,0,0,0.0
r_8_1_to_2,-0.60650003,1.30400002,0,1.43814406042997
r_8_1_to_2,-0.60650003,1.30400002,28.1690006,29.60714466042997
r_8_1_to_2,-9.32999992,23.5699997,29.4400005,53.55478823608037
r_8_1_to_2,-39.3100014,53.1599998,33.5299988,95.87613841247249
r_8_1_to_2,-81.4700012,38.75,44.1599998,141.68127566400796
r_8_1_to_2,-206.289993,36.1500015,40.9399986,266.569861022639
r_8_1_to_2,-527.77002,-204.630005,-0.0500000007,670.3081416888971
r_8_1_to_2,-565.929993,-409.160004,-7.55000019,878.5026517825598
r_8_1_to_2,-583.030029,-504.660004,-10.6700001,975.5716768659493
r_8_1_to_2,-568.190002,-607.280029,-6.13000011,1079.3585138553794
r_8_1_to_2,-541.320007,-720.5,-4.63000011,1195.7329460324727
r_8_1_to_2,-542.719971,-956.299988,4.63999987,1431.719231946783
r_8_1_to_2,-545.780029,-1055.87,11.1300001,1531.5474411244945
r_8_1_to_2,-517.909973,-1108.25,12.54,1590.8971885642363
r_8_1_to_2,-211.970001,-1213.51001,50.9099998,1916.70571064003
r_8_1_to_2,243.089996,-1337.92004,52.8899994,2388.469822069309
r_8_1_to_2,416.279999,-1298.68005,50.2200012,2566.0696048527575
r_8_1_to_2,599.780029,-1075.20996,48.7000008,2855.229513097011
r_8_1_to_2,779.5,-783.349976,43.9000015,3198.0188919143848
r_8_1_to_2,952.099976,111.660004,45.5499992,4109.5211346473425
r_8_1_to_2,927.030029,244.149994,16.3299999,4247.491812879621
r_8_1_to_2,1044.12,574.419983,13.4799995,4597.915056179949
r_8_1_to_2,1022.85999,674.950012,10.6599998,4700.707211300118
r_8_1_to_2,997.780029,713.340027,2.21000004,4747.33553092892
r_8_1_to_2,894.890015,785.530029,1.25,4873.028303074962
r_8_1_to_2,848.070007,815.070007,12.6000004,4929.539770569981
r_8_1_to_2,688.47998,929.340027,17.3899994,5125.880184848553
r_8_1_to_2,587.52002,968.27002,28.1100006,5234.615534684333
r_8_1_to_2,315.940002,819.929993,15.8199997,5544.311375646661
r_8_1_to_2,-0.209999993,401.160004,-7.5,6069.537945645972
r_8_1_to_2,-36.1599998,91.6299973,27.5,6383.108077408909
r_8_1_to_2,-0.632000029,2.71000004,26.7000008,6478.866339084686
r_8_1_to_2,1.50999999,-3.58999991,27.3899994,6485.556201678148
r_8_1_to_2,1.50999999,-3.58999991,0.398499995,6512.547701083147
r_8_1_to_2,2.85940003,-6.35020018,0.398499995,6515.620092008544
r_8_2_to_1,0,0,0,0.0
r_8_2_to_1,-2.85940003,6.35020018,-0.398499995,6.975672949877383
r_9_1_to_2,0,0,0,0.0
r_9_1_to_2,0.519999981,0.753000021,0,0.9151005474077702
r_9_1_to_2,0.653999984,0.94599998,0,1.1500579583953825
r_9_1_to_2,0.653999984,0.94599998,5,6.150057958395383
r_9_1_to_2,8.36999989,11.4499998,8.69999981,19.698514156868775
r_9_1_to_2,43.2999992,7.76000023,17.5400009,55.91821277370436
r_9_1_to_2,113.360001,-34.8199997,27.3099995,138.48281244510594
r_9_1_to_2,298.170013,-168.509995,25.2600002,366.5879589803916
r_9_1_to_2,460.450012,-284.25,-28.1800003,572.9526373686275
r_9_1_to_2,849.070007,-559.469971,-37.1800003,1049.2430245811356
r_9_1_to_2,1001.57001,-702.47998,-35.5400009,1258.3143119144565
r_9_1_to_2,1078.18994,-811.400024,-29.8400002,1391.6060208319539
r_9_1_to_2,1075.87,-1009.34003,-19.6499996,1589.821722049369
r_9_1_to_2,1077.45996,-1218.41003,-10.2600002,1799.1085227835138
r_9_1_to_2,1081.66003,-1613.71997,-7.13999987,2194.4530859848655
r_9_1_to_2,1109.95996,-2012.69995,-6.05999994,2594.436931756984
r_9_1_to_2,1113.91003,-2452.62012,-3.71000004,3034.381111767771
r_9_1_to_2,1069.25,-2543.52002,-12.2600002,3136.0197491176827
r_9_1_to_2,1015.69,-2578.57007,-21.3400002,3200.6697762251983
r_9_1_to_2,987.789978,-2586.19019,-26.7199993,3230.0878293003234
r_9_1_to_2,978.349976,-2587.43384,-28.0198994,3239.6977222941337
r_9_1_to_2,978.349976,-2587.43384,-32.0199013,3243.6977241941336
r_9_1_to_2,975.480408,-2587.63989,-32.0199013,3246.574680417145
r_9_2_to_1,0,0,0,0.0
r_9_2_to_1,-0.720000029,-0.0199999996,0,0.7202777531924757
r_9_2_to_1,-1.07000005,-0.0399999991,0,1.0708487369889108
r_9_2_to_1,-1.07000005,-0.0399999991,5,6.070848736988911
r_9_2_to_1,-19.3199997,0.119999997,9.47000027,24.86097884929926
r_9_2_to_1,-166.850006,14.0600004,18.0100002,173.29398720296055
r_9_2_to_1,-311.23999,354.700012,34.3600006,543.6335712274723
r_9_2_to_1,-369.929993,646.640015,44.2000008,841.5770346693072
r_9_2_to_1,-591.52002,1239.56995,78.9400024,1475.5130847533305
r_9_2_to_1,-882.73999,1864.58997,46.1399994,2165.8281842002434
r_9_2_to_1,-967.340027,2166.77002,43.2799988,2479.64043456953
r_9_2_to_1,-1008.02002,2500.83984,46.2299995,2816.1908898796405
r_9_2_to_1,-984.380005,2571.08008,39.8300018,2890.5783995504034
r_9_2_to_1,-978.650024,2583.07007,35,2904.717758087779
r_9_2_to_1,-978.650024,2583.07007,32.0199013,2907.697856787779
r_9_2_to_1,-975.480408,2587.63989,32.0199013,2913.259306276883
r_10_1_to_2,0,0,0,0.0
r_10_1_to_2,-0.421999991,-0.547999978,0,0.691655960931445
r_10_1_to_2,-1.46000004,-2.05200005,0,2.5190749928723974
r_10_1_to_2,-1.46000004,-2.05200005,5,7.5190749928723974
r_10_1_to_2,-7.3499999,-27.0100002,4.32000017,33.17168245501941
r_10_1_to_2,-0.289999992,-123.07,-9.72999954,130.5101108999453
r_10_1_to_2,128.419998,-230.020004,-86.0199966,314.4251200485068
r_10_1_to_2,294.720001,-322.109985,-161.520004,518.9648636578612
r_10_1_to_2,346.029999,-335.440002,-165.979996,572.1653972700379
r_10_1_to_2,505.480011,-124.339996,-164,836.7243495739813
r_10_1_to_2,544.039978,-20.1700001,-167.679993,947.8630082366049
r_10_1_to_2,568.059998,45.8400002,-150.429993,1020.1944951590123
r_10_1_to_2,608.460022,142.630005,-122.959999,1128.615284395877
r_10_1_to_2,686.559998,443.089996,-76.6100006,1442.5008284953158
r_10_1_to_2,772.780029,745.809998,-17.4300003,1762.775032564312
r_10_1_to_2,774.900024,875.469971,0.25999999,1893.6533695319742
r_10_1_to_2,747.23999,925.400024,4.42999983,1950.885148921834
r_10_1_to_2,694.76001,952.25,4.61000013,2009.8351439354806
r_10_1_to_2,571.299988,939.080017,-1.48000002,2134.144892492413
r_10_1_to_2,503.630005,909.940002,-14.3199997,2208.9328104016777
r_10_1_to_2,491.359985,902.820007,-16,2223.2181217601474
r_10_1_to_2,491.359985,902.820007,-26.3169994,2233.5351211601474
r_10_1_to_2,488.978699,901.787476,-26.3169994,2236.1306255966215
r_10_2_to_1,0,0,0,0.0
r_10_2_to_1,-0.962000012,-0.386000007,0,1.0365519902503686
r_10_2_to_1,-1.91700006,-0.76700002,0,2.0647475463514455
r_10_2_to_1,-1.91700006,-0.76700002,5,7.0647475463514455
r_10_2_to_1,-31.3500004,-14.8599997,6.44000006,39.729525965433375
r_10_2_to_1,-84.9800034,-76.4100037,6.88999987,121.36764643625892
r_10_2_to_1,-214.449997,-360.690002,12.9099998,433.7997783871664
r_10_2_to_1,-333.630005,-634.02002,37.1599998,732.9673494017408
r_10_2_to_1,-420.859985,-787.049988,42.8800011,909.2057076889008
r_10_2_to_1,-478.850006,-884.969971,37.2599983,1023.1475789995509
r_10_2_to_1,-486.839996,-898.460022,35,1038.9883178869482
r_10_2_to_1,-486.839996,-898.460022,26.3169994,1047.6713184869482
r_10_2_to_1,-488.978699,-901.787476,26.3169994,1051.626821064918
r_11_1_to_2,0,0,0,0.0
r_11_1_to_2,-0.330000013,0.649999976,0,0.7289718632293024
r_11_1_to_2,-0.930000007,1.77999997,0,2.0083857834443357
r_11_1_to_2,-0.930000007,1.77999997,30,32.00838578344434
r_11_1_to_2,-14.04,26.0699997,34.0699997,59.90894284343618
r_11_1_to_2,-29.2099991,54.9599991,44.4500008,94.15080845940403
r_11_1_to_2,-30.0699997,121.43,52.8199997,161.151237579403
r_11_1_to_2,126.459999,226.300003,59.6899986,349.6891778119408
r_11_1_to_2,431.589996,164.770004,60.2700005,660.9617147443917
r_11_1_to_2,796.179993,26.8700008,63.6199989,1050.7738480654314
r_11_1_to_2,1155.66003,-144.210007,77.3099976,1449.1225422201574
r_11_1_to_2,1504.19995,-259.890015,93.1900024,1816.701261186496
r_11_1_to_2,2148.32007,-556.48999,117.059998,2526.230718537464
r_11_1_to_2,2246.3501,-648.369995,125.720001,2660.866589510102
r_11_1_to_2,2304.52002,-1102.21997,131.559998,3118.4664638165395
r_11_1_to_2,2445.82007,-1443.19995,136.759995,3487.6007088543074
r_11_1_to_2,2546.02002,-1682.56006,131.089996,3747.1492421344524
r_11_1_to_2,2814.18994,-2457.13013,73.3799973,4568.857428343258
r_11_1_to_2,2921.54004,-3099.76001,49.0299988,5220.846791036986
r_11_1_to_2,2727.07007,-3380.86987,52,5562.680293678474
r_11_1_to_2,2644.30981,-3517.04004,55.4799995,5722.065632494868
r_11_1_to_2,2457.1001,-3586.32007,51.3499985,5921.725981546313
r_11_1_to_2,2257.06006,-3513.82007,29.6000004,6135.607560978839
r_11_1_to_2,2211.07788,-3486.90088,21.3199997,6189.529375482808
r_11_1_to_2,2204.25,-3482.19019,20,6197.928955518649
r_11_1_to_2,2204.25,-3482.19019,14.2960997,6203.632855818649
r_11_1_to_2,2200.73975,-3479.7251,14.2960997,6207.922205859226
r_11_2_to_1,0,0,0,0.0
r_11_2_to_1,-1.19000006,0.829999983,0,1.4508618523415675
r_11_2_to_1,-1.97000003,1.38,0,2.4052726506354682
r_11_2_to_1,-1.97000003,1.38,8,10.405272650635467
r_11_2_to_1,-66.7300034,12.6800003,30.1800003,79.7846676939076
r_11_2_to_1,-174.979996,83.4400024,59.2999992,212.3479096994804
r_11_2_to_1,-323.649994,362.660004,56.3600006,528.6945885039086
r_11_2_to_1,-595.320007,838.469971,46.4099998,1076.689773862212
r_11_2_to_1,-634.359985,903.280029,52.0800018,1152.5621168000957
r_11_2_to_1,-787.179993,1034.20996,72.4199982,1354.825106816403
r_11_2_to_1,-902.52002,1145.71997,67.2399979,1515.3387715358556
r_11_2_to_1,-968.659973,1306.90002,55.0200005,1689.989366259437
r_11_2_to_1,-1155.72998,1459.21997,45.0999985,1931.4328609464187
r_11_2_to_1,-1357.94995,1480,29.8500004,2135.2889090677627
r_11_2_to_1,-1418.15002,1533.46997,21.4099998,2216.247662330976
r_11_2_to_1,-1775.18005,1563.38,22.5,2574.530009533343
r_11_2_to_1,-1877.51001,1588.68994,17.9500008,2680.0416973651904
r_11_2_to_1,-1915.84998,1669.77002,18.2199993,2769.7300777251753
r_11_2_to_1,-1956.87,1753.55005,20.4899998,2863.0407864882714
r_11_2_to_1,-1966.29004,1892.38,20.8500004,3002.190424543985
r_11_2_to_1,-1946.78003,2121.82983,17.7199993,3232.489495067761
r_11_2_to_1,-1906.81995,2517.61011,25.1399994,3630.3511474445245
r_11_2_to_1,-1924.59998,2875.04004,31.2000008,3988.2743346559337
r_11_2_to_1,-1987.23999,3131.12012,39.3300018,4252.029666624534
r_11_2_to_1,-2123.3999,3362.67993,32.6599998,4520.737604030789
r_11_2_to_1,-2164.53003,3427.25,12.5600004,4599.889303377688
r_11_2_to_1,-2183.38989,3455.88989,6.6500001,4634.686799293022
r_11_2_to_1,-2197.75,3474.33008,0,4658.986508504826
r_11_2_to_1,-2197.75,3474.33008,-15.3500004,4674.336508904826
r_11_2_to_1,-2200.73975,3479.7251,-14.2960997,4680.593948680674
r_12_1_to_2,0,0,0,0.0
r_12_1_to_2,-0.340000004,0.0299999993,0,0.341320967240514
r_12_1_to_2,-0.833999991,0.0960000008,0,0.8397103605405722
r_12_1_to_2,-0.833999991,0.0960000008,17,17.839710360540572
r_12_1_to_2,-25.8999996,-1.30999994,20.7399998,43.222160414385215
r_12_1_to_2,-36.4000015,-101.959999,24.5200005,144.488940534867
r_12_1_to_2,-58.1199989,-240.210007,16.8500004,284.64475347386025
r_12_1_to_2,-63.019001,-303.380005,19.9500008,348.0802236098639
r_12_1_to_2,-64.1800003,-322.100006,22.9799995,367.07936172022573
r_12_1_to_2,-54.9599991,-348.940002,24.0400009,395.4786118930035
r_12_1_to_2,-1.53999996,-434.329987,30.1499996,496.3868768197766
r_12_1_to_2,17.9799995,-466.920013,32.1899986,534.4302963495596
r_12_1_to_2,27.2299995,-498.140015,41.3800011,568.2638177570337
r_12_1_to_2,46.7200012,-627.590027,38.0999985,699.2139005753434
r_12_1_to_2,49.3400002,-704.23999,40.2700005,775.939320947873
r_12_1_to_2,169.149994,-980.97998,6.17000008,1079.4228735634968
r_12_1_to_2,171.199997,-1245.47998,2.22000003,1343.960309501579
r_12_1_to_2,104.949997,-1359.82996,1.097,1476.1202185325246
r_12_1_to_2,41.2299995,-1365.55005,2.35500002,1540.1088118524158
r_12_1_to_2,-59.2099991,-1364.93005,16.4799995,1641.539050583664
r_12_1_to_2,-102.949997,-1415.78003,28.7000008,1709.7170258694146
r_12_1_to_2,-123.480003,-1592.96997,34.7599983,1888.195258584958
r_12_1_to_2,-87.7900009,-1909.70996,39.9099998,2206.9812683635364
r_12_1_to_2,-81.4300003,-2071.19019,38.4900017,2368.592934659905
r_12_1_to_2,-61.6599998,-2105.82007,29.5799999,2409.452078565039
r_12_1_to_2,-30.4200001,-2120.05005,22,2444.607253298503
r_12_1_to_2,-13.8400002,-2121.12012,20.5900002,2461.2814712989043
r_12_1_to_2,-3.78999996,-2121.83008,17,2471.977014738188
r_12_1_to_2,-3.78999996,-2121.83008,13.1280003,2475.8490144381876
r_12_1_to_2,-0.796400011,-2121.82129,13.1280003,2478.8426272920406
r_12_2_to_1,0,0,0,0.0
r_12_2_to_1,0.925000012,0.0500000007,0,0.9263503777027352
r_12_2_to_1,1.63,0.0460000001,0,1.631361713132741
r_12_2_to_1,1.63,0.0460000001,7,8.63136171313274
r_12_2_to_1,24.2999992,11.4200001,9.28999996,34.097826756741085
r_12_2_to_1,69.0599976,36.3300018,6.82999992,85.38152047763842
r_12_2_to_1,224.699997,82.5299988,5.15999985,247.7423471454828
r_12_2_to_1,281.230011,144.699997,14.2299995,332.2587127362913
r_12_2_to_1,268.079987,180.75,14.1599998,370.63228108038174
r_12_2_to_1,42.1800003,337.339996,17.9799995,645.5246659076959
r_12_2_to_1,-314.959991,599.650024,1.15400004,1088.9642203375558
r_12_2_to_1,-551.789978,761.919983,7.57999992,1376.1249345913334
r_12_2_to_1,-638.119995,829.219971,10.6700001,1485.631593389476
r_12_2_to_1,-646.73999,929.340027,10.1499996,1586.1233857297618
r_12_2_to_1,-627.099976,1049.07996,11,1707.4663056115774
r_12_2_to_1,-435.299988,1349.03003,36.2000008,2064.386912932204
r_12_2_to_1,-343.459991,1406.03003,30.7099991,2172.6168772102446
r_12_2_to_1,-216.580002,1419.10999,30.7099991,2300.1692858987585
r_12_2_to_1,-110.190002,1404.42004,28.7000008,2407.5874725533863
r_12_2_to_1,-42.9000015,1395.56995,23.5100002,2475.6551180725764
r_12_2_to_1,31.5499992,1387.04004,6.44000006,2552.5117825436405
r_12_2_to_1,141.220001,1392.20996,9.60999966,2662.3493274228044
r_12_2_to_1,266.980011,1482.39001,14.8100004,2817.1881518206233
r_12_2_to_1,310.339996,1555.85999,11.9200001,2902.547851692018
r_12_2_to_1,344.429993,1732.54004,4.86999989,3082.624697695116
r_12_2_to_1,361.799988,1902.58997,20.0400009,3254.2312953245437
r_12_2_to_1,368.600006,2049.78003,29.6700001,3401.892701562585
r_12_2_to_1,331.230011,2090.30005,33.9900017,3457.183306197771
r_12_2_to_1,267.829987,2110.72998,33.9500008,3523.793715917855
r_12_2_to_1,205.320007,2108.83008,23.9899998,3587.1207152114453
r_12_2_to_1,108.900002,2112.85986,2.67400002,3685.951015917602
r_12_2_to_1,10.5900002,2120.66992,-4.01300001,3784.7972068433064
r_12_2_to_1,2.60400009,2121.61011,-10,3794.8223913240668
r_12_2_to_1,2.60400009,2121.61011,-13.1280003,3797.950391624067
r_12_2_to_1,0.796400011,2121.82129,-13.1280003,3799.770285862203
r_13_1_to_2,0,0,0,0.0
r_13_1_to_2,0.437999994,0.583000004,0,0.7292002464398926
r_13_1_to_2,0.904999971,1.24899995,0,1.5426158269336543
r_13_1_to_2,0.904999971,1.24899995,5,6.5426158269336545
r_13_1_to_2,47.9799995,42.1300011,5.17000008,68.89115819729585
r_13_1_to_2,168.190002,200.190002,-16.5,268.6485047180814
r_13_1_to_2,164.740005,237,-15.4300003,305.63530413919943
r_13_1_to_2,120.529999,291.140015,-13.6000004,375.55679407151035
r_13_1_to_2,-4.8499999,404.970001,-1.45000005,545.3361577922794
r_13_1_to_2,-15.2799997,507.070007,11.3699999,648.7651117642985
r_13_1_to_2,-27.7700005,712.309998,53.0099983,858.5586852893616
r_13_1_to_2,-68.1299973,905.380005,66.5800018,1056.2683257717267
r_13_1_to_2,-158.970001,984.409973,59.3600006,1176.8907554091081
r_13_1_to_2,-192.279999,1008.79999,59.3499985,1218.1754861949846
r_13_1_to_2,-329.559998,1116.45996,47.6899986,1393.0252012748465
r_13_1_to_2,-428.049988,1180.90002,36.3800011,1511.2652769956178
r_13_1_to_2,-463.600006,1185.85999,32.7200012,1547.3457520682832
r_13_1_to_2,-582.47998,1170.72998,24.2800007,1667.4815045705286
r_13_1_to_2,-971.210022,1153.07996,23.2199993,2056.6134775081046
r_13_1_to_2,-1030.93994,1176.96997,29.3099995,2121.2314609532946
r_13_1_to_2,-1060.22998,1218.38,37.0900002,2172.5464240605065
r_13_1_to_2,-1059.93994,1277.71997,33.7099991,2231.9832861095624
r_13_1_to_2,-1059.5769,1284.54004,30,2239.7556246359327
r_13_1_to_2,-1059.5769,1284.54004,26.2420006,2243.5136240359325
r_13_1_to_2,-1059.33032,1287.96301,26.2420006,2246.9454639677037
r_13_2_to_1,0,0,0,0.0
r_13_2_to_1,0.0529999994,0.833000004,0,0.8346843754380455
r_13_2_to_1,0.147,2.21499991,0,2.2198774090246314
r_13_2_to_1,0.147,2.21499991,5,7.219877409024631
r_13_2_to_1,11.04,38.7099991,11.8000002,45.90814976122589
r_13_2_to_1,45.9000015,110.169998,11.7700005,125.41759603869664
r_13_2_to_1,103.720001,174.710007,-14.8199997,216.0575056510527
r_13_2_to_1,211.289993,203.610001,-35.7200012,329.3858908631438
r_13_2_to_1,304.899994,171.529999,-35.2999992,428.3411091046292
r_13_2_to_1,361.619995,57.6199989,-28.7000008,555.7624833520529
r_13_2_to_1,397.049988,-78.3600006,-23.8799992,696.3650334122281
r_13_2_to_1,395.880005,-195.490005,-28.4400005,813.5896059336081
r_13_2_to_1,427.579987,-388.230011,-41.7000008,1009.3686302943306
r_13_2_to_1,462.299988,-503.130005,-44.8600006,1129.4414110957098
r_13_2_to_1,540.450012,-762.380005,-45.5800018,1400.21531521671
r_13_2_to_1,582.02002,-945.210022,-47.9099998,1587.7261404296037
r_13_2_to_1,588.73999,-964.200012,-47.0900002,1607.8867484647053
r_13_2_to_1,625.099976,-1001.13,-46.7799988,1659.7130805408647
r_13_2_to_1,711.179993,-1079.25,-47.9500008,1775.9622638988578
r_13_2_to_1,853.080017,-1194.67004,-37.7000008,1959.1628778301495
r_13_2_to_1,935.190002,-1300,-20.3199997,2093.8421804290933
r_13_2_to_1,985.849976,-1329.52002,-19.0200005,2152.4898960231476
r_13_2_to_1,1036.70996,-1318.28003,-20.4099998,2204.59562935197
r_13_2_to_1,1058.69995,-1289.32996,-20.9799995,2240.9548250645125
r_13_2_to_1,1058.13,-1289.73999,-21,2241.6572263909634
r_13_2_to_1,1058.13,-1289.73999,-26.2420006,2246.8992269909636
r_13_2_to_1,1059.33032,-1287.96301,-26.2420006,2249.043621083196
r_14_1_to_2,0,0,0,0.0
r_14_1_to_2,-0.70599997,-0.970000029,0,1.1997233072254627
r_14_1_to_2,-1.36800003,-1.852,0,2.3025233925918016
r_14_1_to_2,-1.36800003,-1.852,5,7.302523392591802
r_14_1_to_2,-79.2900009,-81.5699997,20.7099991,119.87961594465355
r_14_1_to_2,-408.649994,-396.339996,10.8900003,575.570945686581
r_14_1_to_2,-677.690002,-631.200012,15.9399996,932.7365312531224
r_14_1_to_2,-853.429993,-682.070007,16.934,1115.6935996182863
r_14_1_to_2,-1103.22998,-753.47998,21.9200001,1375.5479394820995
r_14_1_to_2,-1329,-757.859985,1.88999999,1602.247051255849
r_14_1_to_2,-1601.20996,-765.200012,-11.3400002,1874.877150886447
r_14_1_to_2,-1700.53003,-815.090027,-11.8000002,1986.024357335845
r_14_1_to_2,-1928.96997,-979.880005,-0.109999999,2267.941364877326
r_14_1_to_2,-1997.64001,-1140.52197,-0.709999979,2442.6461882584763
r_14_1_to_2,-1996.19995,-1271.73999,-0.768000007,2573.872122850413
r_14_1_to_2,-1854.73999,-1529.10999,32.9599991,2869.486424106227
r_14_1_to_2,-1701.62,-1712.37,24.2399998,3108.4550433653094
r_14_1_to_2,-1670.22998,-1729.67004,20.2600002,3144.5170058246376
r_14_1_to_2,-1664.05005,-1732.40002,20,3151.278065335491
r_14_1_to_2,-1664.05005,-1732.40002,15.8085003,3155.469565035491
r_14_1_to_2,-1660.78162,-1733.88428,15.8085003,3159.0592255225706
r_14_2_to_1,0,0,0,0.0
r_14_2_to_1,0.779999971,-0.340000004,0,0.8508818704614647
r_14_2_to_1,1.25,-0.579999983,0,1.3786128788170484
r_14_2_to_1,1.25,-0.579999983,6,7.378612878817048
r_14_2_to_1,35.6599998,-14.0500002,8.96000004,44.44949892594006
r_14_2_to_1,136.649994,-21.7399998,22.4400005,146.62496288263384
r_14_2_to_1,198.089996,-15.1300001,23.2900009,208.4253548107924
r_14_2_to_1,255.899994,95.0500031,19.1599998,332.9190730579313
r_14_2_to_1,343.329987,233.889999,19.2099991,496.993905489423
r_14_2_to_1,608.659973,215.179993,17.9899998,762.985548579149
r_14_2_to_1,1111.68005,62.6899986,9.53999996,1288.6791844113645
r_14_2_to_1,1412.93005,422.890015,17.7399998,1758.3203818290701
r_14_2_to_1,1698.28003,778.630005,8.31000042,2214.461233386467
r_14_2_to_1,1974.57996,1084.34998,5.19999981,2626.5486349602106
r_14_2_to_1,2107.63989,1871.89001,37.0699997,3425.8858233337996
r_14_2_to_1,2082.81982,1981.23999,45.8800011,3538.362799313212
r_14_2_to_1,1938.85999,2102.30005,56.6100006,3726.764242168893
r_14_2_to_1,1883.93005,2091.83008,60.4500008,3782.8147924047335
r_14_2_to_1,1852.62,2075.05005,58.0999985,3818.4155107768875
r_14_2_to_1,1831.5564,2060.94043,58.6100006,3843.773285199072
r_14_2_to_1,1775.15002,1952.66003,43.1699982,3966.837164558437
r_14_2_to_1,1703.5,1803.23999,15.2399998,4134.885248541046
r_14_2_to_1,1668.52002,1745.85999,-3.95000005,4204.773155184781
r_14_2_to_1,1662.18005,1735.93005,0,4217.198992315514
r_14_2_to_1,1662.18005,1735.93005,-15.8085003,4233.007492615514
r_14_2_to_1,1660.78162,1733.88428,-15.8085003,4235.485552614344
r_15_1_to_2,0,0,0,0.0
r_15_1_to_2,0.898999989,-0.646000028,0,1.1070307206207066
r_15_1_to_2,1.92999995,-1.38,0,2.3726202585349556
r_15_1_to_2,1.92999995,-1.38,10,12.372620258534955
r_15_1_to_2,23.8799992,-34.0299988,15.1499996,52.050666891339375
r_15_1_to_2,20.9799995,-89.4800034,20.3400002,107.81848121670112
r_15_1_to_2,32.4300003,-281.649994,23.4699993,300.3547237786928
r_15_1_to_2,98.2399979,-586.960022,34.2400017,612.8625827729409
r_15_1_to_2,97.4100037,-710.210022,45.2599983,736.6070441255042
r_15_1_to_2,50.8400002,-816.080017,48.7099991,852.3184246064666
r_15_1_to_2,-97.3499985,-1081.40002,46.2900009,1156.2276809609152
r_15_1_to_2,-199.009995,-1240.83997,40.0099983,1345.424115856075
r_15_1_to_2,-223.429993,-1266.15002,39.0999985,1380.6059724437896
r_15_1_to_2,-269.309998,-1275.13,42.1399994,1427.455268116963
r_15_1_to_2,-396.779999,-1196.63,34.4000015,1577.357765502537
r_15_1_to_2,-463.109985,-1188.31995,18.6100006,1646.0458146973183
r_15_1_to_2,-494.399994,-1217.10999,12.5500002,1688.9952578982454
r_15_1_to_2,-612.090027,-1216,16.4099998,1806.7538055381224
r_15_1_to_2,-857.390015,-1209.78003,-3.67000008,2052.9528683608346
r_15_1_to_2,-1075.5,-1201.31006,0.319999993,2271.2637156613837
r_15_1_to_2,-1326.45996,-1194.34998,0.467999995,2522.320215558934
r_15_1_to_2,-1414.06006,-1180.93005,5.8499999,2611.105563247572
r_15_1_to_2,-1446.92004,-1132.26001,15.6300001,2670.6387429301153
r_15_1_to_2,-1494.85999,-1042,15.3900003,2772.8403369054863
r_15_1_to_2,-1496.93994,-1011.84998,10.3900003,2803.472834322493
r_15_1_to_2,-1496.78381,-1001.23999,8,2814.349799239739
r_15_1_to_2,-1496.78381,-1001.23999,-2.31069994,2824.660499179739
r_15_1_to_2,-1496.65308,-998.897827,-2.31069994,2827.0063077506734
r_15_2_to_1,0,0,0,0.0
r_15_2_to_1,0.119999997,1.09000003,0,1.0965856394646067
r_15_2_to_1,0.209999993,2.16000009,0,2.1703640745619053
r_15_2_to_1,0.209999993,2.16000009,6,8.170364074561906
r_15_2_to_1,16.3799992,49.8899994,14.96,59.355355121615744
r_15_2_to_1,41.7200012,161.889999,10.4899998,174.27313665932212
r_15_2_to_1,44.8699989,234.580002,8.85000038,247.04984048511804
r_15_2_to_1,46.8699989,377.019989,9.97000027,389.50827054916783
r_15_2_to_1,47.8899994,515.190002,11.1000004,527.6866689829823
r_15_2_to_1,47.5900002,647.099976,9.52000046,659.6064462721024
r_15_2_to_1,45.6100006,745.25,7.6500001,757.7942485235175
r_15_2_to_1,46.25,805.47998,4.53999996,818.1078638263924
r_15_2_to_1,61.4799995,832.880005,4.13000011,849.458818431438
r_15_2_to_1,90.4199982,841.530029,2.1500001,879.7287183321013
r_15_2_to_1,158.100006,843.900024,-0.75999999,947.512701931709
r_15_2_to_1,405,842.429993,4.59000015,1194.4750280663625
r_15_2_to_1,566.119995,838.700012,6.6500001,1355.651357429127
r_15_2_to_1,783.02002,833.119507,9.18000031,1572.6379095057898
r_15_2_to_1,903.859985,840.780029,19.7900009,1694.1844143960313
r_15_2_to_1,1007.17999,849.01001,46.3100014,1801.170705326133
r_15_2_to_1,1128.57996,850.52002,54.8199997,1922.8779479917484
r_15_2_to_1,1351.54004,971.429993,45.2000008,2176.6947386563993
r_15_2_to_1,1443.10999,1016.03003,40.8899994,2278.63979815156
r_15_2_to_1,1480.43005,1006.53003,27.2700005,2319.487579589964
r_15_2_to_1,1494.29004,1000.53998,27,2334.5890007837656
r_15_2_to_1,1494.29004,1000.53998,2.31069994,2359.2783008437655
r_15_2_to_1,1496.65308,998.897827,2.31069994,2362.1559082730387
r_16_1_to_2,0,0,0,0.0
r_16_1_to_2,0.825896978,0.563232005,0,0.9996679997508435
r_16_1_to_2,1.73422205,1.07653797,0,2.0429979811701386
r_16_1_to_2,1.7342,1.07650006,5.07453203,7.117530011359651
r_16_1_to_2,35.4729309,30.1759033,2.74462104,51.732613972818925
r_16_1_to_2,53.018158,68.1884766,2.36045098,93.60072008610578
r_16_1_to_2,26.5941772,91.9394531,2.43196893,129.13015521867567
r_16_1_to_2,-17.8700256,68.0362549,-3.15201592,179.9200075676739
r_16_1_to_2,-136.49118,-0.363402992,-0.850409985,316.8681322748465
r_16_1_to_2,-328.854401,-147.024536,11.7830887,559.0926191000001
r_16_1_to_2,-410.051239,-275.746704,23.007576,711.6977046999444
r_16_1_to_2,-536.49762,-401.047363,29.2060928,889.8194721073877
r_16_1_to_2,-654.094421,-441.623291,31.7154922,1014.2449945046977
r_16_1_to_2,-751.378845,-415.134155,27.0868454,1115.1774365153685
r_16_1_to_2,-794.804688,-377.413818,15.8626785,1173.7829787981022
r_16_1_to_2,-806.92218,-342.582642,-7.63587189,1217.5119886696327
r_16_1_to_2,-807.330017,-336.794891,-15.6764297,1227.4273788562327
r_16_1_to_2,-807.330017,-336.794922,-20.9869995,1232.7379486563232
r_16_1_to_2,-807.265137,-335.21936,-20.987011,1234.3148459359124
r_16_2_to_1,0,0,0,0.0
r_16_2_to_1,0.0968020037,0.959716976,0,0.9645865963939783
r_16_2_to_1,0.217162997,1.93469203,0,1.946962860678934
r_16_2_to_1,0.217199996,1.93470001,8,9.94696286076847
r_16_2_to_1,34.7263184,57.2272949,15.542942,75.55981432072491
r_16_2_to_1,57.6335449,110.126587,10.1246376,133.46002289698555
r_16_2_to_1,95.177002,206.355103,-1.25056803,237.3774601522729
r_16_2_to_1,123.7771,293.452393,-11.1296959,329.5810430459192
r_16_2_to_1,156.916016,411.731201,-7.36049986,452.4723405992605
r_16_2_to_1,225.379211,482.864746,-8.59354019,551.2078999602651
r_16_2_to_1,326.228699,517.32373,-8.41555405,657.7821580493572
r_16_2_to_1,363.017822,589.568726,7.925632,740.4853223157253
r_16_2_to_1,385.489624,694.431396,27.2372932,849.4536741567974
r_16_2_to_1,373.932434,781.88269,26.0184975,937.6737564846262
r_16_2_to_1,269.416382,934.714966,21.8664436,1122.8724316002852
r_16_2_to_1,206.853455,1089.00549,-1.77965903,1291.035518514716
r_16_2_to_1,236.54187,1118.35046,-1.60159695,1332.7795115630272
r_16_2_to_1,289.223694,1129.85632,6.3950839,1387.2928704663577
r_16_2_to_1,352.793152,1087.72742,19.4709511,1464.667921410805
r_16_2_to_1,424.764221,979.996216,28.2137642,1594.5227783442056
r_16_2_to_1,443.280701,812.970581,20.0391121,1762.7703569767068
r_16_2_to_1,473.19397,678.447021,31.2656898,1901.0361441555824
r_16_2_to_1,567.347839,453.809692,29.4406624,2144.6140810729767
r_16_2_to_1,648.808105,372.789185,32.7434883,2259.5532221444737
r_16_2_to_1,755.62384,305.871704,36.4758339,2385.6542963296424
r_16_2_to_1,779.569336,294.825806,36.9563789,2412.0290866569503
r_16_2_to_1,788.292542,311.47229,33.082737,2431.2177513851207
r_16_2_to_1,803.353821,332.88147,27.334919,2458.0176119285893
r_16_2_to_1,805.330322,334.070099,26.78339,2460.389020653479
r_16_2_to_1,805.330322,334.070068,20.9869995,2466.1854111535617
r_16_2_to_1,807.265076,335.21936,20.987011,2468.4357767109573
r_17_1_to_2,0,0,0,0.0
r_17_1_to_2,0.798888981,0.491943002,0,0.9382065450528421
r_17_1_to_2,1.74227905,1.03491199,0,2.0266917972347764
r_17_1_to_2,2.22567701,1.23107898,5.25642395,7.308940164912259
r_17_1_to_2,56.7798462,1.78051805,16.7275848,63.05879927280024
r_17_1_to_2,94.7112427,-76.9537354,27.8695221,151.16110499498996
r_17_1_to_2,50.5904541,-163.561035,40.0172119,249.11535297927634
r_17_1_to_2,7.04608202,-258.536743,13.3874512,356.93762157385754
r_17_1_to_2,64.6502991,-436.622925,7.7389369,544.1937022722802
r_17_1_to_2,103.934143,-629.62439,4.07240295,741.1866700526359
r_17_1_to_2,143.60289,-757.483521,13.0806732,875.3608695155812
r_17_1_to_2,183.693329,-930.467102,8.66059875,1052.9843467164844
r_17_1_to_2,207.908737,-1104.01721,0.638549984,1228.3992241865046
r_17_1_to_2,198.914276,-1283.47534,9.70033264,1408.3109710422393
r_17_1_to_2,244.152206,-1420.98584,-3.59176612,1553.6804582477066
r_17_1_to_2,234.071594,-1464.49902,-9.04560947,1598.6777912719347
r_17_1_to_2,175.111694,-1548.24316,-16.3745117,1701.357212775206
r_17_1_to_2,136.170258,-1636.40088,-8.33406067,1798.0674391533214
r_17_1_to_2,106.178894,-1711.41418,-14.8924866,1879.119829877777
r_17_1_to_2,103.641632,-1715.26685,-17.4183197,1884.3791641925548
r_17_1_to_2,103.643555,-1715.26404,-22.3348999,1889.2957455716291
r_17_1_to_2,102.52301,-1716.8125,-22.3349037,1891.2071192840776
r_17_2_to_1,0,0,0,0.0
r_17_2_to_1,-0.519836009,-0.654716015,0,0.8359919476589043
r_17_2_to_1,-0.879944026,-1.18764496,0,1.479180134993284
r_17_2_to_1,-0.550231993,-0.728752017,5.60536194,7.11295109557029
r_17_2_to_1,-27.6484985,-5.83683014,1.89486694,34.936974581401635
r_17_2_to_1,-81.2184753,40.2492218,-4.27266693,105.87148713915812
r_17_2_to_1,-72.0932617,93.2327652,-6.44468689,159.67895005251194
r_17_2_to_1,-38.6318359,167.509293,-10.7332382,241.25750894473302
r_17_2_to_1,-50.6144409,213.662704,-13.6737137,289.0316291950008
r_17_2_to_1,-146.218018,297.40863,-19.861702,416.27830017351425
r_17_2_to_1,-249.769867,370.346069,-8.13238525,543.4806284172196
r_17_2_to_1,-255.600006,401.719421,-1.41773999,576.0898939324511
r_17_2_to_1,-234.564178,446.318665,4.57400513,625.7638270825466
r_17_2_to_1,-135.843933,576.851074,6.22427416,789.4315391093074
r_17_2_to_1,-62.255188,671.548462,7.34449816,909.3654942117209
r_17_2_to_1,-50.9156799,716.933777,9.44036865,956.1928786647313
r_17_2_to_1,-87.1004333,757.812927,8.69151306,1010.7914323821695
r_17_2_to_1,-167.809998,811.841064,18.2915649,1108.3887398096028
r_17_2_to_1,-242.621429,871.119873,31.6609344,1204.770623198307
r_17_2_to_1,-289.278778,911.235901,32.0823517,1266.3042035487574
r_17_2_to_1,-389.994171,1023.31989,17.2479706,1417.7190966072562
r_17_2_to_1,-450.331085,1084.59631,23.9665527,1503.9773262696729
r_17_2_to_1,-512.996704,1143.22754,26.4609528,1589.8308233902035
r_17_2_to_1,-580.190674,1273.55701,-8.67269897,1740.6126984333844
r_17_2_to_1,-575.938965,1308.79749,-10.1882706,1776.1410732543177
r_17_2_to_1,-524.702454,1431.52051,-5.67050886,1909.2069586965038
r_17_2_to_1,-442.894501,1584.6543,-1.68648505,2082.8686161213163
r_17_2_to_1,-343.777069,1653.60583,6.24400282,2203.8705642604755
r_17_2_to_1,-204.270111,1723.89929,29.4816284,2361.8051997644766
r_17_2_to_1,-161.270325,1719.63562,34.1751404,2405.2700077452882
r_17_2_to_1,-139.84079,1713.47424,34.7675323,2427.5755788427477
r_17_2_to_1,-108.261963,1713.31628,29.8531036,2459.5349104300153
r_17_2_to_1,-103.266785,1716.39429,27.7908478,2465.7541425205886
r_17_2_to_1,-103.2659,1716.39478,22.3353996,2471.209590814378
r_17_2_to_1,-102.523315,1716.81226,22.3354034,2472.0614840193275
